"Txhash","Blockno","UnixTimestamp","DateTime (UTC)","From","To","ContractAddress","Value_IN(ETH)","Value_OUT(ETH)","CurrentValue @ $0/Eth","TxnFee(ETH)","TxnFee(USD)","Historical $Price/Eth","Status","ErrCode","Method"
"0x6e9d40c805d25eb98e79d85727af5fa4c9d98d02ff9d2572d117c641523aef8e","5498557","1710603120","2024-03-16 15:32:00","0x6f62febcf3872aff66ff03ec6065d6bba9fe65f8","","0xb6596a464a6115a674bf836390b63e7061ad40b8","0","0","0","0.00856413523468995","0","","","","0x60806040"
"0xc715222c4944f8ab324fc0ad796a614d5959bce8805494b30c4ad84fc31d5ea7","5498567","1710603240","2024-03-16 15:34:00","0x6f62febcf3872aff66ff03ec6065d6bba9fe65f8","0xb6596a464a6115a674bf836390b63e7061ad40b8","","0","0","0","0.00100370525499192","0","","","","Set Text"
"0x0d7c9a7487d9091d40edc6fcdef08e583a1255b7df0357f3d034993016a97386","5498593","1710603564","2024-03-16 15:39:24","0x6f62febcf3872aff66ff03ec6065d6bba9fe65f8","0xb6596a464a6115a674bf836390b63e7061ad40b8","","0","0","0","0.000341060722451196","0","","","","Transfer Ownership"
"0x33a0c9b8c69a55161a559239dad626d0cf5154f9220c085892f982f919960dd0","5498612","1710603804","2024-03-16 15:43:24","0x6f62febcf3872aff66ff03ec6065d6bba9fe65f8","0xb6596a464a6115a674bf836390b63e7061ad40b8","","0","0","0","0.000363522597949656","0","","Error(0)","execution reverted","Set Text"
"0x124d5e13f3a731eeaa96ad85db54c6f301674e688ff296d37301aac7e9c260b9","5498619","1710603888","2024-03-16 15:44:48","0x6f62febcf3872aff66ff03ec6065d6bba9fe65f8","0xb6596a464a6115a674bf836390b63e7061ad40b8","","0","0","0","0.0003489634469511","0","","Error(0)","execution reverted","Set Text"
"0x9e67347a1c4e48d39cb982d8c95ed5b4c082839b10ede1426689cb6c63717e19","5499642","1710616896","2024-03-16 19:21:36","0x5b5564cf9c85ea730649f1a26f2052759d5500e8","0xb6596a464a6115a674bf836390b63e7061ad40b8","","0","0","0","0.000089635542992424","0","","Error(0)","execution reverted","Set Text"
"0x0d4fc03cbaaa9ddfcdb5ffc3f7e5d080fc111a219271fc206b74a8dee256bb25","5500219","1710624180","2024-03-16 21:23:00","0x48bf488d00fe4c83e803688ffe5532eb83e9a0ff","0xb6596a464a6115a674bf836390b63e7061ad40b8","","0","0","0","0.000103849639823028","0","","","","Set Text"
"0xf17a1bc8a014eeed0bd2c4f6d4a97bec12292b27780f4de1ded66d2b69846681","5500234","1710624360","2024-03-16 21:26:00","0x48bf488d00fe4c83e803688ffe5532eb83e9a0ff","0xb6596a464a6115a674bf836390b63e7061ad40b8","","0","0","0","0.000330330314740545","0","","","","Set Text"
"0xfa99d2dc197ed38182c45793102e58632878d9ae01b37d02298ce0daea9751b6","5500276","1710624912","2024-03-16 21:35:12","0x48bf488d00fe4c83e803688ffe5532eb83e9a0ff","0xb6596a464a6115a674bf836390b63e7061ad40b8","","0","0","0","0.0000443104021318","0","","","","Transfer Ownership"
"0x761a8cec8c66b4287841bd32499c01d6f6f04b60c3fff7160324bb7c581034a4","5500286","1710625032","2024-03-16 21:37:12","0x48bf488d00fe4c83e803688ffe5532eb83e9a0ff","0xb6596a464a6115a674bf836390b63e7061ad40b8","","0","0","0","0.000039102796421772","0","","Error(0)","execution reverted","Set Text"
"0xffa2ce29e9b561b4405fcad819bf95c2a865f4eb589620e22909f35015654fec","5500424","1710626784","2024-03-16 22:06:24","0xe10e556e5641260d219e62c33b1372477b179bab","0xb6596a464a6115a674bf836390b63e7061ad40b8","","0","0","0","0.000110106878836362","0","","","","Set Text"
"0x028f04c8cd491359baae2f30e26f02ccf998430cb3ad2cdc1edcb0e708e2cbf3","5500446","1710627060","2024-03-16 22:11:00","0xe10e556e5641260d219e62c33b1372477b179bab","0xb6596a464a6115a674bf836390b63e7061ad40b8","","0","0","0","0.000044109650366144","0","","","","Transfer Ownership"
"0xc4752c3a216b66f5aae3faf6fe6c58ddcbf6c943e81fcc551864440253896def","5500448","1710627084","2024-03-16 22:11:24","0xe10e556e5641260d219e62c33b1372477b179bab","0xb6596a464a6115a674bf836390b63e7061ad40b8","","0","0","0","0.000039754526629185","0","","Error(0)","execution reverted","Set Text"
"0x47d92e197db437826941d35836725b150f6b79aaf45496edcfea9ccfcf95009e","5504425","1710677316","2024-03-17 12:08:36","0x65672b9b32629f37f6d52ac4d9694d6c0778c19d","0xb6596a464a6115a674bf836390b63e7061ad40b8","","0","0","0","0.000231361839093312","0","","Error(0)","execution reverted","Set Text"
"0xc9a24be86399f7b82aef8cb46e1dbf7c9cf5c85a79c3f1c7153c10abd354b408","5504472","1710677880","2024-03-17 12:18:00","0x5b5564cf9c85ea730649f1a26f2052759d5500e8","0xb6596a464a6115a674bf836390b63e7061ad40b8","","0","0","0","0.000176330646260314","0","","","","Set Text"
"0xab337cf3066d62f66eb002d9fab065d009cc321fbf9f95e937816d94542c5423","5504474","1710677904","2024-03-17 12:18:24","0x5b5564cf9c85ea730649f1a26f2052759d5500e8","0xb6596a464a6115a674bf836390b63e7061ad40b8","","0","0","0","0.00017535160162492","0","","","","Transfer Ownership"
